{"cameraMode":{"drawMode":0,"name":"Shaded","section":"Shading Mode"},"sceneLighting":false,"audioPlay":false,"sceneViewState":{"m_AlwaysRefresh":false,"showFog":true,"showSkybox":false,"showFlares":true,"showImageEffects":true,"showParticleSystems":true,"showVisualEffectGraphs":true,"m_FxEnabled":true},"in2DMode":false,"pivot":{"x":0.15790000557899476,"y":1.4040552377700806,"z":-5.127999782562256},"rotation":{"x":0.4739849865436554,"y":0.26405707001686098,"z":-0.15146829187870027,"w":0.8262770175933838},"size":0.04351717606186867,"orthographic":false}